battle_time,mode,map,brawler_used,outcome,rank,trophy_change,was_star_player
20260918T071452.000Z,soloShowdown,Cavern Churn,MANDY,,2,16,
20260918T060057.000Z,soloShowdown,Cavern Churn,MANDY,,2,15,
20260917T200427.000Z,soloShowdown,Cavern Churn,MANDY,,2,14,
20260918T085009.000Z,gemGrab,Stardust Storm,WENDY,victory,,,
20260918T084755.000Z,brawlBall,Sneaky Fields,EDGAR,victory,,,
20260918T084257.000Z,soloShowdown,Cavern Churn,MANDY,,2,20,
20260918T084042.000Z,soloShowdown,Cavern Churn,MANDY,,3,17,
20260918T083855.000Z,soloShowdown,Cavern Churn,MANDY,,2,18,
20260918T083629.000Z,soloShowdown,Cavern Churn,MANDY,,2,17,
20260918T103544.000Z,soloShowdown,Cavern Churn,MANDY,,3,10,
20260918T103356.000Z,soloShowdown,Cavern Churn,MANDY,,2,11,
20260918T103209.000Z,soloShowdown,Cavern Churn,MANDY,,2,10,
20260918T103035.000Z,soloShowdown,Cavern Churn,MANDY,,9,-2,
20260918T100644.000Z,soloShowdown,Cavern Churn,MANDY,,2,20,
20260918T100048.000Z,soloShowdown,Cavern Churn,MANDY,,2,20,
20260919T060246.000Z,soloShowdown,Rice Field,MAISIE,,1,13,
20260919T060207.000Z,soloShowdown,Rice Field,MAISIE,,7,1,
20260919T055914.000Z,soloShowdown,Rice Field,MAISIE,,3,15,
20260919T055627.000Z,soloShowdown,Rice Field,MAISIE,,1,19,
20260919T055422.000Z,soloShowdown,Rice Field,MAISIE,,1,18,
20260919T055254.000Z,soloShowdown,Rice Field,MAISIE,,1,17,
20260918T205505.000Z,soloShowdown,Rice Field,MAISIE,,2,13,
20260918T193340.000Z,soloShowdown,Cavern Churn,MAISIE,,1,15,
20260918T193104.000Z,soloShowdown,Cavern Churn,MANDY,,1,17,
20260918T192859.000Z,soloShowdown,Cavern Churn,MANDY,,2,13,
20260918T153032.000Z,bounty,Layer Cake,WENDY,defeat,,,
20260918T152729.000Z,bounty,Shooting Star,WENDY,victory,,,
20260918T152430.000Z,gemGrab,Double Swoosh,WENDY,victory,,,
20260918T152131.000Z,gemGrab,Hard Rock Mine,WENDY,defeat,,,
20260918T151733.000Z,duoShowdown,Cavern Churn,MAX,,1,12,
20260918T151613.000Z,duoShowdown,Cavern Churn,MAX,,4,-1,
20260918T151412.000Z,duoShowdown,Cavern Churn,MAX,,1,19,
20260918T145528.000Z,gemGrab,Hard Rock Mine,WENDY,defeat,,,
20260918T145238.000Z,duoShowdown,Cavern Churn,MAX,,1,18,
20260918T145106.000Z,duoShowdown,Cavern Churn,MAX,,2,11,
20260920T064943.000Z,soloShowdown,Cavern Churn,LARRY & LAWRIE,,3,13,
20260920T064824.000Z,soloShowdown,Cavern Churn,LARRY & LAWRIE,,2,13,
20260920T064647.000Z,soloShowdown,Cavern Churn,LARRY & LAWRIE,,5,4,
20260920T064510.000Z,soloShowdown,Cavern Churn,LARRY & LAWRIE,,5,4,
20260920T064328.000Z,soloShowdown,Cavern Churn,LARRY & LAWRIE,,1,15,
20260920T064132.000Z,soloShowdown,Cavern Churn,LARRY & LAWRIE,,1,14,
20260919T200656.000Z,soloShowdown,Cavern Churn,LARRY & LAWRIE,,10,-1,
20260919T200651.000Z,soloShowdown,Cavern Churn,LARRY & LAWRIE,,1,13,
20260919T200308.000Z,soloShowdown,Cavern Churn,LARRY & LAWRIE,,1,17,
20260919T200044.000Z,soloShowdown,Cavern Churn,LARRY & LAWRIE,,2,13,
20260919T195917.000Z,soloShowdown,Cavern Churn,LARRY & LAWRIE,,1,15,
20260919T195730.000Z,soloShowdown,Cavern Churn,LARRY & LAWRIE,,1,14,
20260919T195525.000Z,soloShowdown,Cavern Churn,MAISIE,,10,-2,
20260919T195500.000Z,soloShowdown,Cavern Churn,MAISIE,,1,13,
20260919T195152.000Z,soloShowdown,Cavern Churn,MAISIE,,2,11,
20260919T195019.000Z,soloShowdown,Cavern Churn,MAISIE,,2,10,
20260919T194905.000Z,soloShowdown,Cavern Churn,MAISIE,,10,-2,
20260919T194407.000Z,lastStand,MEGA BOSS DUO,SIRIUS,victory,,,
20260919T193931.000Z,lastStand,MEGA BOSS DUO,SIRIUS,defeat,,,
20260919T193357.000Z,lastStand,MEGA BOSS DUO,SIRIUS,victory,,,
20260919T192935.000Z,soloShowdown,Cavern Churn,MAISIE,,1,16,
20260919T192718.000Z,soloShowdown,Cavern Churn,MAISIE,,3,10,
20260919T170004.000Z,soloShowdown,Cavern Churn,MAISIE,,1,14,
20260919T165720.000Z,soloShowdown,Cavern Churn,LARRY & LAWRIE,,1,13,
20260919T165646.000Z,soloShowdown,Cavern Churn,LARRY & LAWRIE,,7,3,
20260921T133121.000Z,lastStand,MEGA BOSS DUO (5 player),SIRIUS,victory,,,
20260921T132715.000Z,lastStand,MEGA BOSS DUO (5 player),SIRIUS,defeat,,,
20260921T132518.000Z,lastStand,MEGA BOSS DUO (5 player),SIRIUS,defeat,,,
20260921T132207.000Z,lastStand,MEGA BOSS DUO (5 player),SIRIUS,victory,,,
20260921T131724.000Z,lastStand,MEGA BOSS DUO (5 player),SIRIUS,victory,,,
20260921T112611.000Z,lastStand,MEGA BOSS DUO (5 player),SIRIUS,victory,,,
20260921T112234.000Z,lastStand,MEGA BOSS DUO (5 player),SIRIUS,victory,,,
20260921T111959.000Z,lastStand,MEGA BOSS DUO (5 player),SIRIUS,victory,,,
20260921T111712.000Z,soloShowdown,Rockwall Brawl,BERRY,,1,19,
20260921T111614.000Z,soloShowdown,Rockwall Brawl,BERRY,,5,5,
20260921T111425.000Z,soloShowdown,Rockwall Brawl,BERRY,,1,18,
20260921T111105.000Z,soloShowdown,Rockwall Brawl,BERRY,,5,5,
20260921T110943.000Z,soloShowdown,Rockwall Brawl,BERRY,,1,17,
20260921T110753.000Z,soloShowdown,Rockwall Brawl,BERRY,,1,16,
20260921T110632.000Z,soloShowdown,Rockwall Brawl,BERRY,,1,15,
20260921T110507.000Z,soloShowdown,Rockwall Brawl,BERRY,,1,14,
20260921T110308.000Z,soloShowdown,Rockwall Brawl,BERRY,,1,13,
20260921T105641.000Z,soloShowdown,Rockwall Brawl,GIGI,,1,13,
20260921T105601.000Z,soloShowdown,Rockwall Brawl,GIGI,,5,3,
20260921T105504.000Z,soloShowdown,Rockwall Brawl,GIGI,,9,-2,
20260921T105045.000Z,soloShowdown,Rockwall Brawl,GIGI,,1,13,
20260921T105019.000Z,soloShowdown,Rockwall Brawl,GIGI,,9,-2,
20260921T104933.000Z,soloShowdown,Rockwall Brawl,GIGI,,7,1,
20260921T104828.000Z,soloShowdown,Rockwall Brawl,GIGI,,6,2,
20260921T104631.000Z,soloShowdown,Rockwall Brawl,GIGI,,1,13,
20260921T192647.000Z,soloShowdown,Rockwall Brawl,LARRY & LAWRIE,,7,1,
20260921T192523.000Z,soloShowdown,Rockwall Brawl,LARRY & LAWRIE,,6,2,
20260921T154032.000Z,soloShowdown,Rockwall Brawl,LARRY & LAWRIE,,1,14,
20260921T153801.000Z,soloShowdown,Rockwall Brawl,LARRY & LAWRIE,,1,13,
20260921T153648.000Z,soloShowdown,Rockwall Brawl,LARRY & LAWRIE,,9,-2,
20260922T102218.000Z,gemGrab,Hard Rock Mine,WENDY,victory,,,
20260922T101924.000Z,brawlBall,Triple Dribble,STARR NOVA,defeat,,,
20260922T101620.000Z,hotZone,Open Business,WENDY,defeat,,,
20260922T101353.000Z,knockout,Belle's Rock,8-BIT,victory,,,
20260922T101205.000Z,knockout,New Horizons,8-BIT,victory,,,
20260922T100952.000Z,brawlBall,Center Stage,MORTIS,victory,,,
20260922T100740.000Z,soloShowdown,Cavern Churn,LARRY & LAWRIE,,2,12,
20260922T100542.000Z,soloShowdown,Cavern Churn,LARRY & LAWRIE,,2,11,
20260922T083704.000Z,soloShowdown,Cavern Churn,LARRY & LAWRIE,,2,10,
20260922T082824.000Z,soloShowdown,Cavern Churn,GROM,,1,18,
20260922T082630.000Z,soloShowdown,Cavern Churn,GROM,,5,5,
20260922T082436.000Z,soloShowdown,Cavern Churn,GROM,,1,17,
20260922T082048.000Z,soloShowdown,Cavern Churn,GROM,,3,13,
20260922T081753.000Z,soloShowdown,Cavern Churn,GROM,,1,15,
20260922T081500.000Z,soloShowdown,Cavern Churn,GROM,,1,14,
20260923T123126.000Z,soloShowdown,Acid Lakes,COLETTE,,9,-1,
20260923T122751.000Z,soloShowdown,Acid Lakes,COLETTE,,1,15,
20260923T122606.000Z,soloShowdown,Acid Lakes,COLETTE,,2,11,
20260923T112034.000Z,soloShowdown,Acid Lakes,COLETTE,,1,13,
20260923T111915.000Z,soloShowdown,Acid Lakes,COLETTE,,6,3,
20260923T111602.000Z,soloShowdown,Acid Lakes,COLETTE,,1,13,
20260923T111451.000Z,soloShowdown,Acid Lakes,COLETTE,,8,1,
20260923T111433.000Z,soloShowdown,Acid Lakes,COLETTE,,5,4,
20260923T111304.000Z,soloShowdown,Acid Lakes,COLETTE,,9,,
20260923T110916.000Z,soloShowdown,Acid Lakes,COLETTE,,1,21,
20260923T110831.000Z,lastStand,MEGA BOSS DUO (20 player),SIRIUS,defeat,,,
20260923T110524.000Z,lastStand,MEGA BOSS DUO (20 player),SIRIUS,defeat,,,
20260923T110131.000Z,lastStand,MEGA BOSS DUO (20 player),SIRIUS,defeat,,,
20260923T105844.000Z,lastStand,MEGA BOSS DUO (20 player),SIRIUS,defeat,,,
20260923T105425.000Z,lastStand,MEGA BOSS DUO (20 player),SIRIUS,victory,,,
20260923T105122.000Z,lastStand,MEGA BOSS DUO (20 player),SIRIUS,victory,,,
20260923T103503.000Z,lastStand,MEGA BOSS DUO (20 player),SIRIUS,defeat,,,
20260923T103040.000Z,lastStand,MEGA BOSS DUO (20 player),SIRIUS,victory,,,
20260923T102833.000Z,lastStand,MEGA BOSS DUO (20 player),SIRIUS,victory,,,
20260923T095237.000Z,lastStand,MEGA BOSS DUO (20 player),COLETTE,victory,,,
20260922T203045.000Z,soloShowdown,Cavern Churn,COLETTE,,2,17,
20260922T202847.000Z,soloShowdown,Cavern Churn,COLETTE,,1,19,
20260922T202605.000Z,soloShowdown,Cavern Churn,COLETTE,,1,18,
20260922T202420.000Z,soloShowdown,Cavern Churn,COLETTE,,1,17,
20260922T195353.000Z,soloShowdown,Cavern Churn,COLETTE,,1,16,
20260924T125455.000Z,soloShowdown,Rockwall Brawl,ANGELO,,1,13,
20260924T125326.000Z,soloShowdown,Rockwall Brawl,ANGELO,,6,5,
20260924T125219.000Z,soloShowdown,Rockwall Brawl,ANGELO,,8,5,
20260924T125020.000Z,soloShowdown,Rockwall Brawl,ANGELO,,5,6,
20260924T124826.000Z,soloShowdown,Rockwall Brawl,ANGELO,,1,13,
20260924T124554.000Z,soloShowdown,Rockwall Brawl,HANK,,1,17,
20260924T124437.000Z,soloShowdown,Rockwall Brawl,HANK,,5,3,
20260924T124152.000Z,soloShowdown,Rockwall Brawl,HANK,,2,13,
20260924T123951.000Z,soloShowdown,Rockwall Brawl,HANK,,1,15,
20260924T123714.000Z,soloShowdown,Rockwall Brawl,HANK,,1,14,
20260924T123506.000Z,soloShowdown,Rockwall Brawl,HANK,,2,10,
20260924T123354.000Z,soloShowdown,Rockwall Brawl,HANK,,6,2,
20260924T123204.000Z,soloShowdown,Rockwall Brawl,HANK,,3,18,
20260924T122921.000Z,soloShowdown,Rockwall Brawl,HANK,,1,23,
20260924T122728.000Z,soloShowdown,Rockwall Brawl,HANK,,3,18,
20260924T122436.000Z,soloShowdown,Rockwall Brawl,HANK,,1,23,
20260924T122214.000Z,soloShowdown,Rockwall Brawl,HANK,,2,20,
20260924T121950.000Z,soloShowdown,Rockwall Brawl,HANK,,2,20,
20260924T121659.000Z,soloShowdown,Rockwall Brawl,HANK,,1,22,
20260924T121506.000Z,soloShowdown,Rockwall Brawl,HANK,,2,18,
20260924T121351.000Z,soloShowdown,Rockwall Brawl,HANK,,5,3,
20260924T121117.000Z,soloShowdown,Rockwall Brawl,HANK,,2,17,
20260924T121010.000Z,soloShowdown,Rockwall Brawl,HANK,,1,19,
20260924T120832.000Z,soloShowdown,Rockwall Brawl,HANK,,4,10,
20260924T120745.000Z,soloShowdown,Rockwall Brawl,HANK,,5,3,
20260924T184218.000Z,hotZone,Dueling Beetles,AMBER,victory,,,
20260924T184003.000Z,bounty,Shooting Star,WENDY,defeat,,,
20260924T183702.000Z,knockout,Belle's Rock,WENDY,victory,,,
20260924T183421.000Z,gemGrab,Hard Rock Mine,WENDY,victory,,,
20260924T183158.000Z,hotZone,Quick Travel,NITA,victory,,,
20260924T182944.000Z,gemGrab,Gem Fort,AMBER,victory,,,
20260924T171422.000Z,soloShowdown,Rockwall Brawl,ANGELO,,1,21,
20260924T171319.000Z,soloShowdown,Rockwall Brawl,ANGELO,,3,15,
20260924T171021.000Z,soloShowdown,Rockwall Brawl,ANGELO,,4,11,
20260924T163957.000Z,soloShowdown,Rockwall Brawl,ANGELO,,1,18,
20260924T163740.000Z,soloShowdown,Rockwall Brawl,ANGELO,,1,17,
20260924T162749.000Z,soloShowdown,Rockwall Brawl,ANGELO,,4,8,
20260924T162605.000Z,soloShowdown,Rockwall Brawl,ANGELO,,4,7,
20260924T162316.000Z,soloShowdown,Rockwall Brawl,ANGELO,,1,14,
20260924T162130.000Z,soloShowdown,Rockwall Brawl,ANGELO,,1,13,
20260924T162105.000Z,soloShowdown,Rockwall Brawl,ANGELO,,9,,
20260924T161924.000Z,soloShowdown,Rockwall Brawl,ANGELO,,1,19,
20260924T161742.000Z,soloShowdown,Rockwall Brawl,ANGELO,,3,14,
20260924T161712.000Z,soloShowdown,Rockwall Brawl,ANGELO,,4,11,
20260924T161345.000Z,soloShowdown,Rockwall Brawl,ANGELO,,2,13,
20260924T161145.000Z,soloShowdown,Rockwall Brawl,ANGELO,,1,15,
20260924T161036.000Z,soloShowdown,Rockwall Brawl,ANGELO,,4,8,
20260924T155327.000Z,soloShowdown,Rockwall Brawl,ANGELO,,1,13,
20260924T155225.000Z,soloShowdown,Rockwall Brawl,ANGELO,,6,4,
20260924T154913.000Z,soloShowdown,Rockwall Brawl,ANGELO,,1,13,
20260925T125448.000Z,soloShowdown,Cavern Churn,ANGELO,,2,20,
20260925T125252.000Z,soloShowdown,Cavern Churn,ANGELO,,2,20,
20260925T125105.000Z,soloShowdown,Cavern Churn,ANGELO,,2,20,
20260925T124852.000Z,soloShowdown,Cavern Churn,ANGELO,,2,20,
20260925T115826.000Z,soloShowdown,Cavern Churn,ANGELO,,1,23,
20260925T115616.000Z,lastStand,MEGA BOSS DUO (20 player),MAX,defeat,,,
20260925T115333.000Z,lastStand,MEGA BOSS DUO (20 player),MAX,victory,,,
20260925T114915.000Z,lastStand,MEGA BOSS DUO (20 player),MAX,defeat,,,
20260925T114737.000Z,lastStand,MEGA BOSS DUO (20 player),MAX,defeat,,,
20260925T114246.000Z,lastStand,MEGA BOSS DUO (20 player),MAX,victory,,,
20260925T113652.000Z,lastStand,MEGA BOSS DUO (20 player),GRIFF,defeat,,,
20260925T113106.000Z,lastStand,MEGA BOSS DUO (20 player),GRIFF,victory,,,
20260925T112933.000Z,lastStand,MEGA BOSS DUO (20 player),GRIFF,defeat,,,
20260925T112653.000Z,lastStand,MEGA BOSS DUO (20 player),SIRIUS,victory,,,
20260925T112344.000Z,lastStand,MEGA BOSS DUO (20 player),SIRIUS,victory,,,
20260925T071320.000Z,soloShowdown,Rockwall Brawl,ANGELO,,2,20,
20260925T071142.000Z,soloShowdown,Rockwall Brawl,ANGELO,,1,22,
20260924T191201.000Z,knockout,,EDGAR,victory,,,
20260926T110742.000Z,soloShowdown,Acid Lakes,BERRY,,2,14,
20260926T110724.000Z,soloShowdown,Acid Lakes,BERRY,,5,3,
20260926T110445.000Z,soloShowdown,Acid Lakes,BERRY,,2,13,
20260926T110258.000Z,soloShowdown,Acid Lakes,BERRY,,1,15,
20260926T110058.000Z,soloShowdown,Acid Lakes,BERRY,,2,11,
20260926T105647.000Z,soloShowdown,Acid Lakes,BERRY,,1,13,
20260926T105645.000Z,soloShowdown,Acid Lakes,BERRY,,9,-1,
20260926T105353.000Z,soloShowdown,Acid Lakes,BERRY,,1,13,
20260926T105311.000Z,soloShowdown,Acid Lakes,BERRY,,8,-1,
20260926T105252.000Z,soloShowdown,Acid Lakes,BERRY,,9,-1,
20260926T105118.000Z,soloShowdown,Acid Lakes,BERRY,,8,-1,
20260926T105000.000Z,soloShowdown,Acid Lakes,BERRY,,1,13,
20260926T104935.000Z,soloShowdown,Acid Lakes,BERRY,,10,-1,
20260926T104802.000Z,soloShowdown,Acid Lakes,BERRY,,1,18,
20260926T104626.000Z,soloShowdown,Acid Lakes,COLT,,9,-2,
20260926T104608.000Z,soloShowdown,Acid Lakes,COLT,,2,10,
20260926T104414.000Z,soloShowdown,Acid Lakes,COLT,,2,11,
20260926T104319.000Z,soloShowdown,Acid Lakes,COLT,,3,8,
20260926T104250.000Z,soloShowdown,Acid Lakes,COLT,,7,-1,
20260926T104026.000Z,soloShowdown,Acid Lakes,COLT,,1,14,
20260926T103840.000Z,soloShowdown,Acid Lakes,COLT,,4,5,
20260926T103757.000Z,soloShowdown,Acid Lakes,COLT,,10,-2,
20260926T103704.000Z,soloShowdown,Acid Lakes,COLT,,9,-2,
20260926T103333.000Z,lastStand,MEGA BOSS DUO (5 player),SIRIUS,defeat,,,
20260926T102914.000Z,lastStand,MEGA BOSS DUO (5 player),SIRIUS,victory,,,
20260927T125647.000Z,soloShowdown,Rockwall Brawl,BELLE,,1,19,
20260927T115015.000Z,bounty,Shooting Star,WENDY,victory,,,
20260927T114821.000Z,brawlBall,Triple Dribble,GRIFF,defeat,,,
20260927T114530.000Z,hotZone,Parallel Plays,NITA,victory,,,
20260927T113855.000Z,gemGrab,Hard Rock Mine,WENDY,victory,,,
20260927T113551.000Z,hotZone,Dueling Beetles,NITA,victory,,,
20260927T113306.000Z,brawlBall,Triple Dribble,AMBER,defeat,,,
20260927T112354.000Z,hotZone,Parallel Plays,AMBER,victory,,,
20260927T110835.000Z,soloShowdown,Rockwall Brawl,BELLE,,4,12,
20260927T110558.000Z,soloShowdown,Rockwall Brawl,BELLE,,1,17,
20260927T110432.000Z,soloShowdown,Rockwall Brawl,BELLE,,1,16,
20260927T110259.000Z,soloShowdown,Rockwall Brawl,BELLE,,1,15,
20260927T110135.000Z,soloShowdown,Rockwall Brawl,BELLE,,1,14,
20260927T105831.000Z,soloShowdown,Rockwall Brawl,BELLE,,1,13,
20260927T105605.000Z,soloShowdown,Rockwall Brawl,BERRY,,2,17,
20260927T105440.000Z,soloShowdown,Rockwall Brawl,BERRY,,2,16,
20260927T105142.000Z,soloShowdown,Rockwall Brawl,BERRY,,3,13,
20260927T105010.000Z,soloShowdown,Rockwall Brawl,BERRY,,2,14,
20260927T104810.000Z,bounty,Layer Cake,GUS,victory,,10,
20260927T104631.000Z,bounty,Layer Cake,GUS,defeat,,-2,
20260927T104353.000Z,bounty,Layer Cake,GUS,victory,,12,
20260927T104205.000Z,bounty,Layer Cake,GUS,victory,,11,
20260927T104046.000Z,bounty,Layer Cake,GUS,victory,,10,
20260927T103913.000Z,bounty,Layer Cake,GUS,defeat,,-2,
20260927T103458.000Z,soloShowdown,Rockwall Brawl,BERRY,,3,11,
20260928T143050.000Z,soloShowdown,Cavern Churn,TRUNK,,1,14,
20260928T142946.000Z,soloShowdown,Cavern Churn,TRUNK,,3,8,
20260928T142819.000Z,soloShowdown,Cavern Churn,TRUNK,,7,1,
20260928T142533.000Z,soloShowdown,Cavern Churn,TRUNK,,2,13,
20260928T142411.000Z,soloShowdown,Cavern Churn,TRUNK,,1,15,
20260928T142215.000Z,soloShowdown,Cavern Churn,TRUNK,,1,14,
20260928T142039.000Z,soloShowdown,Cavern Churn,TRUNK,,4,5,
20260928T142012.000Z,soloShowdown,Cavern Churn,TRUNK,,7,1,
20260928T141804.000Z,soloShowdown,Cavern Churn,PEARL,,4,9,
20260928T141526.000Z,soloShowdown,Cavern Churn,PEARL,,1,16,
20260928T141343.000Z,soloShowdown,Cavern Churn,PEARL,,1,15,
20260928T141223.000Z,soloShowdown,Cavern Churn,PEARL,,2,11,
20260928T141104.000Z,soloShowdown,Cavern Churn,PEARL,,1,13,
20260928T141043.000Z,soloShowdown,Cavern Churn,PEARL,,10,-2,
20260928T140821.000Z,soloShowdown,Cavern Churn,PEARL,,3,17,
20260928T140705.000Z,soloShowdown,Cavern Churn,PEARL,,1,21,
20260928T140454.000Z,soloShowdown,Cavern Churn,PEARL,,2,17,
20260928T140311.000Z,soloShowdown,Cavern Churn,PEARL,,1,19,
20260928T140131.000Z,soloShowdown,Cavern Churn,PEARL,,2,15,
20260928T135918.000Z,soloShowdown,Cavern Churn,PEARL,,1,17,
20260928T135723.000Z,soloShowdown,Cavern Churn,PEARL,,2,13,
20260928T135518.000Z,soloShowdown,Cavern Churn,PEARL,,1,15,
20260928T114727.000Z,soloShowdown,Cavern Churn,PEARL,,2,11,
20260928T092344.000Z,soloShowdown,Cavern Churn,PEARL,,1,13,
20260928T092336.000Z,soloShowdown,Cavern Churn,PEARL,,10,-1,
20260929T133811.000Z,soloShowdown,Acid Lakes,BOLT,,1,16,
20260929T133655.000Z,soloShowdown,Acid Lakes,BOLT,,2,12,
20260929T133511.000Z,soloShowdown,Acid Lakes,BOLT,,2,11,
20260929T133303.000Z,soloShowdown,Acid Lakes,BOLT,,1,13,
20260929T133208.000Z,soloShowdown,Acid Lakes,BOLT,,8,-1,
20260929T133045.000Z,soloShowdown,Acid Lakes,BOLT,,7,1,
20260929T132902.000Z,soloShowdown,Acid Lakes,BOLT,,2,12,
20260929T132704.000Z,soloShowdown,Acid Lakes,BOLT,,2,11,
20260929T132549.000Z,soloShowdown,Acid Lakes,BOLT,,1,13,
20260929T132535.000Z,soloShowdown,Acid Lakes,BOLT,,10,-2,
20260929T132300.000Z,soloShowdown,Acid Lakes,BOLT,,1,16,
20260929T132127.000Z,soloShowdown,Acid Lakes,BOLT,,2,12,
20260929T132027.000Z,soloShowdown,Acid Lakes,BOLT,,5,3,
20260929T131749.000Z,soloShowdown,Acid Lakes,BOLT,,2,11,
20260929T131617.000Z,soloShowdown,Acid Lakes,BOLT,,2,10,
20260929T131518.000Z,soloShowdown,Acid Lakes,BOLT,,5,3,
20260929T131220.000Z,soloShowdown,Acid Lakes,LOU,,1,13,
20260929T131025.000Z,soloShowdown,Acid Lakes,LOU,,7,1,
20260929T130911.000Z,soloShowdown,Acid Lakes,LOU,,2,17,
20260929T130743.000Z,soloShowdown,Acid Lakes,LOU,,3,14,
20260929T130602.000Z,soloShowdown,Acid Lakes,LOU,,2,15,
20260929T122343.000Z,soloShowdown,Acid Lakes,LOU,,1,17,
20260929T121530.000Z,soloShowdown,Acid Lakes,LOU,,3,11,
20260929T121410.000Z,soloShowdown,Acid Lakes,LOU,,5,3,
20260929T121250.000Z,soloShowdown,Acid Lakes,LOU,,4,6,
20260930T125839.000Z,soloShowdown,Rockwall Brawl,GROM,,3,9,
20260930T125635.000Z,soloShowdown,Rockwall Brawl,GROM,,2,10,
20260930T125435.000Z,soloShowdown,Rockwall Brawl,GROM,,6,2,
20260930T125305.000Z,soloShowdown,Rockwall Brawl,GROM,,1,23,
20260930T125034.000Z,soloShowdown,Rockwall Brawl,GROM,,2,20,
20260930T124525.000Z,soloShowdown,Rockwall Brawl,GROM,,2,20,
20260930T124307.000Z,soloShowdown,Rockwall Brawl,GROM,,2,20,
20260930T124102.000Z,soloShowdown,Rockwall Brawl,GROM,,2,20,
20260930T123908.000Z,soloShowdown,Rockwall Brawl,GROM,,1,23,
20260930T123626.000Z,soloShowdown,Rockwall Brawl,GROM,,2,20,
20260930T123425.000Z,soloShowdown,Rockwall Brawl,GROM,,2,20,
20260930T123016.000Z,soloShowdown,Rockwall Brawl,DAMIAN,,2,18,
20260930T122336.000Z,soloShowdown,Rockwall Brawl,DAMIAN,,1,20,
20260930T122044.000Z,soloShowdown,Rockwall Brawl,DAMIAN,,3,14,
20260930T121732.000Z,soloShowdown,Rockwall Brawl,DAMIAN,,3,13,
20260930T071805.000Z,soloShowdown,Acid Lakes,EVE,,1,22,
20260930T071620.000Z,soloShowdown,Acid Lakes,EVE,,1,21,
20260930T071331.000Z,soloShowdown,Acid Lakes,OLLIE,,4,9,
20260930T071226.000Z,soloShowdown,Acid Lakes,OLLIE,,4,8,
20260930T071117.000Z,soloShowdown,Acid Lakes,OLLIE,,5,3,
20260930T070915.000Z,soloShowdown,Acid Lakes,OLLIE,,1,15,
20260930T070718.000Z,soloShowdown,Acid Lakes,OLLIE,,2,11,
20260930T070630.000Z,soloShowdown,Acid Lakes,OLLIE,,5,3,
20260930T070402.000Z,soloShowdown,Acid Lakes,OLLIE,,2,10,
20260930T070328.000Z,soloShowdown,Acid Lakes,OLLIE,,8,-1,
20261001T144439.000Z,soloShowdown,Rockwall Brawl,BUZZ,,1,15,
20261001T144318.000Z,soloShowdown,Rockwall Brawl,BUZZ,,2,11,
20261001T144145.000Z,soloShowdown,Rockwall Brawl,BUZZ,,1,13,
20261001T144121.000Z,soloShowdown,Rockwall Brawl,BUZZ,,10,-2,
20261001T144053.000Z,soloShowdown,Rockwall Brawl,BUZZ,,4,15,
20261001T143816.000Z,soloShowdown,Rockwall Brawl,BUZZ,,1,23,
20261001T143615.000Z,soloShowdown,Rockwall Brawl,BUZZ,,1,22,
20261001T142410.000Z,soloShowdown,Rockwall Brawl,BUZZ,,2,18,
20261001T142226.000Z,soloShowdown,Rockwall Brawl,BUZZ,,1,20,
20261001T142135.000Z,soloShowdown,Rockwall Brawl,BUZZ,,4,11,
20261001T141935.000Z,soloShowdown,Rockwall Brawl,BUZZ,,1,18,
20261001T141727.000Z,soloShowdown,Rockwall Brawl,BUZZ,,2,14,
20261001T125558.000Z,soloShowdown,Rockwall Brawl,BUZZ,,1,16,
20261001T123903.000Z,soloShowdown,Rockwall Brawl,BUZZ,,3,10,
20261001T123716.000Z,soloShowdown,Rockwall Brawl,BUZZ,,1,14,
20261001T123528.000Z,soloShowdown,Rockwall Brawl,BUZZ,,1,13,
20261001T123449.000Z,soloShowdown,Rockwall Brawl,BUZZ,,9,-1,
20261001T123240.000Z,soloShowdown,Rockwall Brawl,BUZZ,,2,13,
20261001T123050.000Z,soloShowdown,Rockwall Brawl,BUZZ,,3,10,
20261001T122932.000Z,soloShowdown,Rockwall Brawl,BUZZ,,1,14,
20261001T122828.000Z,soloShowdown,Rockwall Brawl,BUZZ,,7,1,
20261001T122821.000Z,soloShowdown,Rockwall Brawl,BUZZ,,2,10,
20261001T122613.000Z,soloShowdown,Rockwall Brawl,BUZZ,,1,14,
20261001T122337.000Z,soloShowdown,Rockwall Brawl,BUZZ,,1,13,
20261001T122304.000Z,soloShowdown,Rockwall Brawl,BUZZ,,9,,
20261001T183735.000Z,soloShowdown,Rockwall Brawl,ALLI,,1,17,False
20261001T183423.000Z,soloShowdown,Rockwall Brawl,ALLI,,2,13,False
20261001T183250.000Z,soloShowdown,Rockwall Brawl,ALLI,,1,15,False
20261001T183137.000Z,soloShowdown,Rockwall Brawl,ALLI,,4,6,False
20261001T183057.000Z,soloShowdown,Rockwall Brawl,ALLI,,10,-2,False
20261001T183046.000Z,soloShowdown,Rockwall Brawl,ALLI,,4,5,False
20261001T182814.000Z,soloShowdown,Rockwall Brawl,ALLI,,1,15,False
20261001T182549.000Z,soloShowdown,Rockwall Brawl,ALLI,,2,11,False
20261001T172120.000Z,knockout,Please Remain Standing,SPROUT,victory,,17,False
20261001T171109.000Z,soloShowdown,Rockwall Brawl,ALLI,,5,3,False
20261001T170845.000Z,soloShowdown,Rockwall Brawl,ALLI,,3,8,False
20261001T170748.000Z,soloShowdown,Scorched Stone,ALLI,,8,-3,False
20261001T170434.000Z,soloShowdown,Scorched Stone,ALLI,,1,32,False
20261001T170232.000Z,soloShowdown,Scorched Stone,ALLI,,1,33,False
20261001T170030.000Z,soloShowdown,Scorched Stone,ALLI,,1,30,False
20261001T153032.000Z,heist,Bridge Too Far,COLETTE,defeat,,-2,False
20261001T152716.000Z,soloShowdown,Rockwall Brawl,ALLI,,2,16,False
20261001T152036.000Z,soloShowdown,Rockwall Brawl,ALLI,,1,18,False
20261001T151844.000Z,soloShowdown,Rockwall Brawl,ALLI,,2,14,False
20261001T151742.000Z,soloShowdown,Rockwall Brawl,ALLI,,1,16,False
20261001T151650.000Z,soloShowdown,Rockwall Brawl,ALLI,,4,7,False
20261001T151405.000Z,soloShowdown,Rockwall Brawl,ALLI,,1,14,False
20261001T151218.000Z,soloShowdown,Rockwall Brawl,ALLI,,1,13,False
20261001T151110.000Z,soloShowdown,Rockwall Brawl,ALLI,,9,,False
20261001T150949.000Z,soloShowdown,Rockwall Brawl,ALLI,,1,14,False
20261001T193235.000Z,soloShowdown,Rockwall Brawl,ALLI,,2,15,False
20261002T075004.000Z,soloShowdown,Cavern Churn,DAMIAN,,2,12,False
20261002T074821.000Z,soloShowdown,Cavern Churn,DAMIAN,,1,14,False
20261002T074640.000Z,soloShowdown,Cavern Churn,DAMIAN,,3,8,False
20261002T074547.000Z,soloShowdown,Cavern Churn,DAMIAN,,6,2,False
20261002T074414.000Z,soloShowdown,Cavern Churn,DAMIAN,,5,3,False
20261002T045818.000Z,soloShowdown,Cavern Churn,DAMIAN,,1,23,False
20261002T045504.000Z,soloShowdown,Cavern Churn,DAMIAN,,2,19,False
20261001T222355.000Z,soloShowdown,Cavern Churn,GIGI,,3,13,False
20261001T221945.000Z,soloShowdown,Cavern Churn,GIGI,,1,17,False
20261001T221829.000Z,soloShowdown,Cavern Churn,GIGI,,5,3,False
20261001T221529.000Z,soloShowdown,Cavern Churn,GIGI,,2,13,False
20261001T221404.000Z,soloShowdown,Cavern Churn,GIGI,,3,10,False
20261001T221111.000Z,soloShowdown,Cavern Churn,GIGI,,3,9,False
20261001T220851.000Z,soloShowdown,Cavern Churn,GIGI,,2,10,False
20261001T220832.000Z,soloShowdown,Cavern Churn,GIGI,,8,-1,False
20261001T220556.000Z,soloShowdown,Cavern Churn,GIGI,,1,14,False
20261001T212705.000Z,soloShowdown,Cavern Churn,GIGI,,2,10,False
20261001T212527.000Z,soloShowdown,Cavern Churn,GIGI,,6,2,False
20261001T212327.000Z,soloShowdown,Cavern Churn,GIGI,,1,15,False
20261001T212139.000Z,soloShowdown,Cavern Churn,GIGI,,1,14,False
20261001T211622.000Z,soloShowdown,Cavern Churn,ALLI,,1,20,False
20261001T211512.000Z,soloShowdown,Cavern Churn,ALLI,,4,11,False
20261002T122743.000Z,soloShowdown,Cavern Churn,SPIKE,,1,16,False
20261002T122604.000Z,soloShowdown,Cavern Churn,SPIKE,,2,12,False
20261002T122446.000Z,soloShowdown,Cavern Churn,SPIKE,,3,9,False
20261002T122334.000Z,soloShowdown,Cavern Churn,SPIKE,,10,-1,False
20261002T122300.000Z,soloShowdown,Cavern Churn,SPIKE,,1,13,False
20261002T122030.000Z,soloShowdown,Cavern Churn,SPIKE,,1,13,False
20261002T121942.000Z,soloShowdown,Cavern Churn,SPIKE,,7,1,False
20261002T121913.000Z,soloShowdown,Cavern Churn,SPIKE,,8,-1,False
20261002T121655.000Z,soloShowdown,Cavern Churn,SPIKE,,1,13,False
20261002T121653.000Z,soloShowdown,Cavern Churn,SPIKE,,10,-1,False
20261002T121456.000Z,soloShowdown,Cavern Churn,SPIKE,,1,15,False
20261002T121326.000Z,soloShowdown,Cavern Churn,SPIKE,,4,8,False
20261002T121255.000Z,soloShowdown,Cavern Churn,SPIKE,,10,-1,False
20261002T121245.000Z,soloShowdown,Cavern Churn,SPIKE,,3,9,False
20261002T121016.000Z,soloShowdown,Cavern Churn,SPIKE,,4,7,False
20261002T121013.000Z,soloShowdown,Cavern Churn,SPIKE,,1,14,False
20261002T120803.000Z,soloShowdown,Cavern Churn,SPIKE,,9,,False
20261002T120626.000Z,soloShowdown,Cavern Churn,SPIKE,,1,14,False
20261002T120428.000Z,soloShowdown,Cavern Churn,SPIKE,,1,13,False
20261002T120336.000Z,soloShowdown,Cavern Churn,SPIKE,,6,3,False
20261002T120214.000Z,soloShowdown,Cavern Churn,SPIKE,,1,19,False
20261002T100404.000Z,knockout,Belle's Rock,WENDY,victory,,,False
20261002T100145.000Z,hotZone,Parallel Plays,AMBER,defeat,,,False
20261002T095902.000Z,knockout,Flaring Phoenix,NITA,defeat,,,False
20261002T095734.000Z,hotZone,Quick Travel,WENDY,defeat,,,False
20261003T124609.000Z,soloShowdown,Rice Field,CORDELIUS,,1,17,False
20261003T124419.000Z,soloShowdown,Rice Field,CORDELIUS,,1,16,False
20261003T124305.000Z,soloShowdown,Rice Field,CORDELIUS,,2,12,False
20261003T124124.000Z,soloShowdown,Rice Field,CORDELIUS,,1,14,False
20261003T123933.000Z,soloShowdown,Rice Field,CORDELIUS,,1,13,False
20261003T123712.000Z,soloShowdown,Rice Field,SPIKE,,2,14,False
20261003T123526.000Z,soloShowdown,Rice Field,SPIKE,,5,3,False
20261003T123314.000Z,soloShowdown,Rice Field,SPIKE,,2,13,False
20261003T123150.000Z,soloShowdown,Rice Field,SPIKE,,2,12,False
20261003T122937.000Z,soloShowdown,Rice Field,SPIKE,,2,11,False
20261003T122836.000Z,soloShowdown,Rice Field,SPIKE,,4,5,False
20261003T093838.000Z,soloShowdown,Rice Field,SPIKE,,10,-2,False
20261003T093702.000Z,soloShowdown,Rice Field,SPIKE,,2,13,False
20261003T093501.000Z,soloShowdown,Rice Field,SPIKE,,2,12,False
20261003T093227.000Z,soloShowdown,Rice Field,SPIKE,,2,11,False
20261003T093052.000Z,soloShowdown,Rice Field,SPIKE,,2,10,False
20261003T092859.000Z,soloShowdown,Rice Field,SPIKE,,9,-2,False
20261003T092849.000Z,soloShowdown,Rice Field,SPIKE,,10,-2,False
20261003T092734.000Z,soloShowdown,Rice Field,SPIKE,,7,1,False
20261003T092631.000Z,soloShowdown,Rice Field,SPIKE,,4,5,False
20261003T084939.000Z,soloShowdown,Rice Field,PIERCE,,1,14,False
20261003T084727.000Z,soloShowdown,Rice Field,PIERCE,,1,13,False
20261003T084653.000Z,soloShowdown,Rice Field,PIERCE,,9,5,False
20261003T084436.000Z,soloShowdown,Rice Field,PIERCE,,2,12,False
20261003T084254.000Z,soloShowdown,Rice Field,PIERCE,,1,14,False
20261003T130724.000Z,soloShowdown,Rice Field,CORDELIUS,,1,23,False
20261003T130333.000Z,soloShowdown,Rice Field,CORDELIUS,,5,3,False
20261003T130127.000Z,soloShowdown,Rice Field,CORDELIUS,,1,23,False
20261003T125927.000Z,soloShowdown,Rice Field,CORDELIUS,,1,23,False
20261003T125737.000Z,soloShowdown,Rice Field,CORDELIUS,,1,23,False
20261003T125452.000Z,soloShowdown,Rice Field,CORDELIUS,,1,22,False
20261003T125329.000Z,soloShowdown,Rice Field,CORDELIUS,,4,15,False
20261003T125155.000Z,soloShowdown,Rice Field,CORDELIUS,,1,20,False
20261003T125022.000Z,soloShowdown,Rice Field,CORDELIUS,,1,19,False
20261003T124744.000Z,soloShowdown,Rice Field,CORDELIUS,,1,18,False
20261003T141256.000Z,soloShowdown,Rice Field,CORDELIUS,,2,20,False
20261004T103024.000Z,soloShowdown,Kroket,KIT,,2,14,False
20261004T102905.000Z,soloShowdown,Kroket,KIT,,2,13,False
20261004T102642.000Z,soloShowdown,Kroket,KIT,,2,12,False
20261004T102528.000Z,soloShowdown,Kroket,KIT,,4,6,False
20261004T102414.000Z,soloShowdown,Kroket,KIT,,3,8,False
20261004T102351.000Z,soloShowdown,Kroket,KIT,,6,2,False
20261004T102140.000Z,soloShowdown,Kroket,KIT,,1,13,False
20261004T102128.000Z,soloShowdown,Kroket,KIT,,8,-1,False
20261004T102016.000Z,soloShowdown,Kroket,KIT,,6,2,False
20261004T101934.000Z,soloShowdown,Kroket,KIT,,7,1,False
20261004T101914.000Z,soloShowdown,Kroket,KIT,,8,-1,False
20261004T101638.000Z,soloShowdown,Kroket,KIT,,1,13,False
20261004T101528.000Z,soloShowdown,Kroket,KIT,,6,2,False
20261004T101408.000Z,soloShowdown,Kroket,KIT,,1,14,False
20261004T101243.000Z,soloShowdown,Kroket,KIT,,1,13,False
20261004T101228.000Z,soloShowdown,Kroket,KIT,,8,-1,False
20261004T101034.000Z,soloShowdown,Kroket,KIT,,1,14,False
20261004T100853.000Z,soloShowdown,Kroket,KIT,,1,13,False
20261004T100829.000Z,soloShowdown,Kroket,KIT,,9,-2,False
20261004T100711.000Z,soloShowdown,Kroket,KIT,,4,11,False
20261004T100520.000Z,soloShowdown,Kroket,KIT,,1,18,False
20261004T100246.000Z,heist,Quintillion,COLT,victory,,11,True
20261004T100103.000Z,heist,Quintillion,RICO,defeat,,-2,False
20261004T095818.000Z,heist,Quintillion,COLETTE,defeat,,-2,False
20261004T095605.000Z,heist,Quintillion,COLETTE,victory,,10,False
20261004T145645.000Z,soloShowdown,Kroket,KIT,,1,18,False
20261004T184731.000Z,soloShowdown,Kroket,PIERCE,,2,11,False
20261004T184414.000Z,soloShowdown,Kroket,PIERCE,,1,13,False
20261004T184322.000Z,soloShowdown,Kroket,PIERCE,,7,1,False
20261004T184029.000Z,soloShowdown,Kroket,PIERCE,,1,20,False
20261004T183712.000Z,soloShowdown,Kroket,PIERCE,,1,19,False
20261004T183537.000Z,soloShowdown,Kroket,PIERCE,,1,18,False
20261004T183319.000Z,soloShowdown,Kroket,PIERCE,,1,17,False
20261004T183140.000Z,soloShowdown,Kroket,PIERCE,,1,16,False
20261004T182434.000Z,soloShowdown,Kroket,PIERCE,,1,15,False
20261004T182229.000Z,soloShowdown,Kroket,PIERCE,,1,14,False
20261004T181728.000Z,soloShowdown,Kroket,PIERCE,,1,13,False
20261004T181703.000Z,soloShowdown,Kroket,PIERCE,,10,-1,False
20261004T173950.000Z,soloShowdown,Kroket,PIERCE,,1,16,False
20261004T173726.000Z,soloShowdown,Kroket,PIERCE,,1,15,False
20261004T173132.000Z,soloShowdown,Kroket,KIT,,1,13,False
20261004T173047.000Z,soloShowdown,Kroket,KIT,,8,-2,False
20261004T172833.000Z,soloShowdown,Kroket,KIT,,1,15,False
20261004T172726.000Z,soloShowdown,Kroket,KIT,,5,2,False
20261004T172545.000Z,soloShowdown,Kroket,KIT,,2,11,False
20261004T172306.000Z,soloShowdown,Kroket,KIT,,2,10,False
20261004T172301.000Z,soloShowdown,Kroket,KIT,,8,-2,False
20261004T172028.000Z,soloShowdown,Kroket,KIT,,1,17,False
20261004T171853.000Z,soloShowdown,Kroket,KIT,,2,13,False
20261004T171651.000Z,soloShowdown,Kroket,KIT,,1,15,False
20261004T171449.000Z,soloShowdown,Kroket,KIT,,1,14,False
20261005T072804.000Z,soloShowdown,Acid Lakes,PIERCE,,3,10,False
20261005T072601.000Z,soloShowdown,Acid Lakes,PIERCE,,1,14,False
20261005T072338.000Z,soloShowdown,Acid Lakes,PIERCE,,2,10,False
20261005T072304.000Z,soloShowdown,Acid Lakes,PIERCE,,6,2,False
20261005T072106.000Z,soloShowdown,Acid Lakes,PIERCE,,2,10,False
20261005T071549.000Z,soloShowdown,Acid Lakes,PIERCE,,8,-1,False
20261005T081913.000Z,soloShowdown,Acid Lakes,PIERCE,,4,6,False
20261005T081718.000Z,soloShowdown,Acid Lakes,PIERCE,,1,13,False
20261005T081605.000Z,soloShowdown,Acid Lakes,PIERCE,,8,-1,False
20261005T081258.000Z,soloShowdown,Acid Lakes,SHELLY,,4,6,False
20261005T081150.000Z,soloShowdown,Acid Lakes,SHELLY,,4,5,False
20261005T081126.000Z,soloShowdown,Acid Lakes,SHELLY,,9,-2,False
20261005T080932.000Z,soloShowdown,Acid Lakes,SHELLY,,1,14,False
20261005T080803.000Z,soloShowdown,Acid Lakes,SHELLY,,5,2,False
20261005T080701.000Z,soloShowdown,Acid Lakes,SHELLY,,7,-1,False
20261005T080644.000Z,soloShowdown,Acid Lakes,SHELLY,,2,10,False
20261006T121301.000Z,soloShowdown,Gated Community,BULL,,2,12,False
20261006T121131.000Z,soloShowdown,Gated Community,BULL,,4,6,False
20261006T120938.000Z,soloShowdown,Gated Community,BULL,,1,13,False
20261006T120903.000Z,soloShowdown,Gated Community,BULL,,8,-1,False
20261006T120501.000Z,heist,Kaboom Canyon,COLETTE,defeat,,-2,False
20261006T120324.000Z,heist,Kaboom Canyon,COLETTE,victory,,11,False
20261006T120102.000Z,heist,Kaboom Canyon,COLETTE,victory,,10,False
20261006T115736.000Z,soloShowdown,Gated Community,BULL,,1,13,False
20261006T115612.000Z,soloShowdown,Gated Community,BULL,,6,1,False
20261006T115432.000Z,soloShowdown,Gated Community,BULL,,3,13,False
20261006T115155.000Z,soloShowdown,Gated Community,BULL,,2,14,False
20261006T115115.000Z,soloShowdown,Gated Community,BULL,,5,2,False
20261006T114756.000Z,soloShowdown,Gated Community,BULL,,1,16,False
20261006T114557.000Z,soloShowdown,Gated Community,BULL,,4,7,False
20261006T114407.000Z,soloShowdown,Gated Community,BULL,,3,9,False
20261006T094036.000Z,soloShowdown,Gated Community,COLT,,2,15,False
20261006T093834.000Z,soloShowdown,Gated Community,COLT,,1,17,False
20261006T093506.000Z,soloShowdown,Gated Community,COLT,,1,16,False
20261006T093239.000Z,soloShowdown,Gated Community,COLT,,3,10,False
20261006T092835.000Z,soloShowdown,Gated Community,COLT,,2,11,False
20261006T092646.000Z,soloShowdown,Gated Community,COLT,,2,10,False
20261006T092640.000Z,soloShowdown,Gated Community,COLT,,8,-2,False
20261006T092515.000Z,soloShowdown,Gated Community,COLT,,6,1,False
20261006T092416.000Z,soloShowdown,Gated Community,COLT,,6,1,False
20261006T092233.000Z,soloShowdown,Gated Community,COLT,,2,11,False
20261007T121435.000Z,duoShowdown,Shadow Spirits,DOUG,,5,-1,False
20261007T121317.000Z,duoShowdown,Shadow Spirits,DOUG,,1,19,False
20261007T121144.000Z,duoShowdown,Shadow Spirits,DOUG,,1,18,False
20261007T121032.000Z,duoShowdown,Shadow Spirits,DOUG,,1,17,False
20261007T120923.000Z,duoShowdown,Shadow Spirits,DOUG,,3,2,False
20261007T120741.000Z,duoShowdown,Shadow Spirits,DOUG,,1,16,False
20261007T120546.000Z,duoShowdown,Shadow Spirits,DOUG,,3,2,False
20261007T120347.000Z,duoShowdown,Shadow Spirits,DOUG,,1,15,False
20261007T120210.000Z,duoShowdown,Shadow Spirits,DOUG,,1,14,False
20261007T115845.000Z,soloShowdown,Crystal Eye Castle,DOUG,,1,14,False
20261007T115726.000Z,soloShowdown,Crystal Eye Castle,DOUG,,1,13,False
20261007T115723.000Z,soloShowdown,Crystal Eye Castle,DOUG,,10,-1,False
20261007T115452.000Z,soloShowdown,Crystal Eye Castle,DOUG,,1,21,False
20261007T115345.000Z,soloShowdown,Crystal Eye Castle,DOUG,,5,4,False
20261007T115211.000Z,soloShowdown,Crystal Eye Castle,DOUG,,1,20,False
20261007T115036.000Z,soloShowdown,Crystal Eye Castle,DOUG,,5,4,False
20261007T114905.000Z,soloShowdown,Crystal Eye Castle,DOUG,,1,19,False
20261007T103419.000Z,soloShowdown,Crystal Eye Castle,DOUG,,1,18,False
20261007T103244.000Z,soloShowdown,Crystal Eye Castle,DOUG,,1,17,False
20261007T103047.000Z,soloShowdown,Crystal Eye Castle,DOUG,,1,16,False
20261007T102906.000Z,soloShowdown,Crystal Eye Castle,DOUG,,1,15,False
20261007T102733.000Z,soloShowdown,Crystal Eye Castle,DOUG,,1,14,False
20261007T102535.000Z,soloShowdown,Crystal Eye Castle,DOUG,,1,13,False
20261007T102352.000Z,soloShowdown,Crystal Eye Castle,POCO,,1,13,False
20261007T102234.000Z,soloShowdown,Crystal Eye Castle,POCO,,8,-1,False
