timestamp,total_trophies,highest_trophies,brawlers_unlocked,exp_level,total_prestige_level,3v3_victories,solo_victories,duo_victories,club_name
2026-09-18T07:58:06+00:00,34267,34267,65,81,0,318,1258,166,Never Give Up
2026-09-18T08:15:45+00:00,34267,34267,65,81,0,318,1258,166,Never Give Up
2026-09-18T08:18:19+00:00,34267,34267,65,81,0,318,1258,166,Never Give Up
2026-09-18T08:23:54+00:00,34267,34267,65,81,0,318,1258,166,Never Give Up
2026-09-18T08:26:13+00:00,34267,34267,65,81,0,318,1258,166,Never Give Up
2026-09-18T09:26:10+00:00,34339,34339,65,81,0,320,1258,166,Never Give Up
2026-09-18T13:19:29+00:00,34408,34408,65,81,0,320,1258,166,Never Give Up
2026-09-19T12:06:03+00:00,34608,34608,65,82,0,322,1264,169,Never Give Up
2026-09-20T12:41:15+00:00,34886,34886,65,82,0,328,1278,169,Never Give Up
2026-09-21T14:36:50+00:00,35231,35231,66,82,0,334,1295,169,Never Give Up
2026-09-22T06:16:44+00:00,35259,35259,68,83,0,334,1297,169,Never Give Up
2026-09-22T12:53:11+00:00,35374,35374,68,83,0,338,1301,169,Never Give Up
2026-09-23T13:04:47+00:00,35664,35665,69,83,0,344,1316,169,LTY|GAMING 🇿🇦
2026-09-24T12:57:14+00:00,36502,36502,69,84,0,346,1342,169,LTY|GAMING 🇿🇦
2026-09-24T18:50:41+00:00,36769,36769,69,84,0,351,1353,169,LTY|GAMING 🇿🇦
2026-09-25T13:03:40+00:00,36914,36914,69,84,0,357,1355,169,LTY|GAMING 🇿🇦
2026-09-26T12:31:22+00:00,37196,37196,69,85,0,363,1366,169,LTY|GAMING 🇿🇦
2026-09-27T13:21:46+00:00,37630,37630,71,85,0,379,1379,169,LTY|GAMING 🇿🇦
2026-09-28T16:08:31+00:00,38943,38943,73,87,0,379,1427,169,LTY|GAMING 🇿🇦
2026-09-29T13:45:35+00:00,39637,39637,73,88,0,385,1451,169,LTY|GAMING 🇿🇦
2026-09-29T14:24:15+00:00,39637,39637,73,88,0,385,1451,169,LTY|GAMING 🇿🇦
2026-09-29T14:50:34+00:00,39637,39637,73,88,0,385,1451,169,LTY|GAMING 🇿🇦
2026-09-30T14:19:08+00:00,40556,40556,73,88,0,385,1475,169,LTY|GAMING 🇿🇦
2026-10-01T14:52:17+00:00,41487,41487,74,89,0,385,1511,169,LTY|GAMING 🇿🇦
2026-10-01T19:16:17+00:00,41829,41829,74,90,9,386,1524,169,LTY|GAMING 🇿🇦
2026-10-01T19:31:23+00:00,41829,41829,74,90,9,386,1524,169,LTY|GAMING 🇿🇦
2026-10-01T19:40:33+00:00,41844,41844,74,90,9,386,1524,169,LTY|GAMING 🇿🇦
2026-10-01T19:43:34+00:00,41844,41844,74,90,9,386,1524,169,LTY|GAMING 🇿🇦
2026-10-02T07:51:40+00:00,42085,42085,74,90,9,386,1531,169,LTY|GAMING 🇿🇦
2026-10-02T14:13:29+00:00,42463,42463,74,90,9,392,1545,169,LTY|GAMING 🇿🇦
2026-10-03T12:47:29+00:00,43746,43746,75,91,12,399,1559,206,LTY|GAMING 🇿🇦
2026-10-03T13:15:48+00:00,43935,43935,75,91,12,399,1567,206,LTY|GAMING 🇿🇦
2026-10-03T14:13:35+00:00,43955,43955,75,91,12,399,1567,206,LTY|GAMING 🇿🇦
2026-10-04T13:50:35+00:00,45206,45206,75,92,12,401,1599,228,LTY|GAMING 🇿🇦
2026-10-04T14:26:55+00:00,45206,45206,75,92,12,401,1599,228,LTY|GAMING 🇿🇦
2026-10-04T14:57:41+00:00,45224,45224,75,92,12,401,1600,228,LTY|GAMING 🇿🇦
